Nombre y Apellido,DNI / Documento,Teléfono,Fecha Primera Sesión,Motivo de Consulta,Tipo de Cita,Estado,Fecha de Registro
Graciela Sribman,No provisto,+54 9 11 7788-9900,2026-10-02 13:00,RPG y terapias manuales,Turno Presencial (1h),Agendado,2026-09-29 23:08:56
Viviana Dalamon,No provisto,+54 9 11 9900-1122,2026-10-02 09:00,Rehabilitación de hombro,Turno Presencial (1h),Agendado,2026-09-29 23:08:56
Belen Orbe,No provisto,+54 9 11 6677-8899,2026-10-01 18:00,Reeducación postural,Turno Presencial (1h),Agendado,2026-09-29 23:08:56
Nélida Di Rienzo,No provisto,+54 9 11 8899-0011,2026-10-01 15:00,Dolor articular y movilidad,Turno Presencial (1h),Agendado,2026-09-29 23:08:56
Leonor Koszkin,No provisto,+54 9 11 1122-3344,2026-09-30 12:00,Cervicalgia y tensión escapular,Turno Presencial (1h),Agendado,2026-09-29 23:08:56
Aarón Coello,No provisto,+54 9 11 2233-4455,2026-09-30 11:00,Dolor de espalda / Traumatología,Turno Presencial (1h),Agendado,2026-09-29 23:08:56
Lic. Norberto Brude,No provisto,+54 9 11 6156-4311,2026-09-30 10:00,ATM / Bruxismo y dolor mandibular,Llamada de Orientación (15m),Confirmado,2026-09-29 23:08:56
Mariana González Cadahia,No provisto,+54 9 11 4455-6677,2026-09-30 10:00,Reeducación Postural Global (RPG) / Columna,Turno Presencial (1h),Confirmado,2026-09-29 23:08:56
Sofía Finocchio Gonzalez,No provisto,+54 9 11 3322-1100,2026-09-30 08:45,ATM y contractura cervical,Turno Presencial (1h),Agendado,2026-09-29 23:08:56
Alejandro Wainschenker,No provisto,+54 9 11 3344-5566,2026-09-29 18:00,Rehabilitación motora,Turno Presencial (1h),Realizado,2026-09-29 23:08:56
Constancia Tiboni,No provisto,+54 9 11 5566-7788,2026-09-29 16:00,Evaluación postural y dolor cervical,Turno Presencial (1h),Realizado,2026-09-29 23:08:56
Lucas Méndez,38123456,+54 9 11 4455-6677,2026-09-28 16:00,Lumbalgia aguda y postura,Turno Presencial (1h),Confirmado,2026-09-29 23:08:56
